no	rando	train	test	pos	neg
1	0	5432	5	0.083431712	0.1134885482
2	0	5383	54	0.0223529961	0.0264420409
3	0	4894	543	0.0092508851	0.0115508937
4	0	2690	2747	0.0069945689	0.0075023498
5	0	544	4893	0.0032963459	0.0015696592
1	1	5432	5	0.108692649	0.1012712075
2	1	5383	54	0.0303081005	0.0322050325
3	1	4894	543	0.0153565234	0.0177685685
4	1	2690	2747	0.0103512375	0.0076966891
5	1	544	4893	0.0017386423	0.0015989664
