no	rando	train	test	pos	neg
1	0	5432	5	0.8083333333	0.1609333333
2	0	5383	54	0.8088641975	0.1366790123
3	0	4894	543	0.7812633517	0.1294014733
4	0	2690	2747	0.5942135663	0.1077656838
5	0	544	4893	0.1071914299	0.0284825942
1	1	5432	5	0.4056666667	0.4552666667
2	1	5383	54	0.420037037	0.4296049383
3	1	4894	543	0.4082811541	0.4099815838
4	1	2690	2747	0.3952667152	0.3960146827
5	1	544	4893	0.050295933	0.0504520744
